{"Z7P1fmEAiZF2M9tMHNVzOw==":"mbr-2000x1333.jpg","GMV8gBQo4TJZFToDXk5oYQ==":"rosas-2000x1250.jpg","IHGKaAUFd8EXxsvEV34aXg==":"rosas1-2000x1250.jpg","AvkvqAkuwC4qb8osrOX0wg==":"rosas1-1-2000x1250.jpg","t9sMEPaMROfusCnvpZSTdg==":"rosas1-2-2000x1250.jpg","TPt/nMlTQlqfT9M0LVj9dw==":"rosas1-3-2000x1250.jpg","aSvoUh/RNNNzGgtw++4x3Q==":"rosas1-4-2000x1250.jpg","4PrdIsN+iagydinp3nZfyw==":"imagen-alma5-2000x1125.jpg","/vLBS1SJh4mudQ4l6AI/BQ==":"bck3-2000x1125.jpg","4Y0jHrJS1Z5asMEgXpmRhQ==":"bg10-2000x1338.jpg","80JCsmNw8te/Q4J7bwltTQ==":"bck12-2000x679.jpg","m+uEAHVpFUNEDe4pnsLQIQ==":"bck13-2000x496.png","fUz8SlLeK6QtTX/lU3T+rg==":"bck13-1-2000x496.png","jRhsFhZL3CRGMZRI1wPkvA==":"bck13-2-2000x496.png","q0pxK/3CdTfsvWP/yUT5zw==":"pexels-photo-1400x933.jpg","n/2g18iRSrK/zIZdNzXyvA==":"bg11-2000x1144.jpg","+wfK8+MZkbHaxQKdRBtdOw==":"mbr-2000x1333.jpg","LRqNatKPvOdg57dlD65QWQ==":"mbr-1-2000x1333.jpg","Ip7P0IPLNaez3owHY6jTLA==":"mbr-2000x1299.jpg","McmdWLCrIKK5p71tQD01WA==":"mbr-2000x1424.jpg","dR3g0IbboTy7hKMzOUJiMA==":"mbr-2000x1324.jpg","MFgLxIFkfOSOOmpt3MGCig==":"mbr-2-2000x1333.jpg","6eTWtdh2mRAWsE2Awuh+Fw==":"mbr-3-2000x1333.jpg","YS008GxH6nYryZT+YQ5PpA==":"mbr-4-2000x1333.jpg","6OqxbaYv6fHC7MqGiECbbA==":"mbr-2000x1500.jpg","x6s9k4l6b1HVy/R1tQJyCA==":"mbr-5-2000x1333.jpg","KUc5CM+Q/Wb3VrKVPxJQrA==":"mbr-2000x2666.jpg","RwxAtL9wAxP4BcpNh0wOlw==":"mbr-1-2000x1324.jpg","xD2JERnFi3vN+jSa88TTpA==":"mbr-2000x1328.jpg","ryKocpaRFn4Pd9sr+IX1Tw==":"mbr-2000x1329.jpg","C51lyPkti7FiojWHvsF5Vg==":"header-1400x208.jpg","tBHnNanimu8N0wmZYHAvTw==":"logo-172x128.png","9t2s8dljvVq4kH+XxKqLNg==":"logo-gea1_0-172x128.png","o0rQIRQDJJXzjWd7TszxWw==":"logo-gea1-168x128.png","oakxmJ17VaNwydJEqrAhcQ==":"logo-gea1_0-1400x1038.png","7KKEQFkaltVGW3sgE6PsWw==":"landscape-2000x1501.jpg","kBZdu30gycHjdxUUtRCSvA==":"landscape-1-2000x1501.jpg","Kz8zLc0Qz1fbG6QOrr74iw==":"pexels-photo-1-1400x933.jpg","Xg1cSc9+hDMLRSpgX4dclg==":"landscape-2-2000x1501.jpg","Hxqfkd4A0Ci/Fz5CJgm2XQ==":"mbr-1400x933.jpg","8DZBAVNzTI33fpAIUYUnrw==":"pexels-photo-2-1400x933.jpg","SqeqVYQ7Rk5ZViqi5tTbYg==":"mbr-1-2000x1328.jpg","78mj6735nhLijPjPwbnJrw==":"slide2-2000x1333.jpg","sz8HQm1krRKJEKINjOcilQ==":"slide3-2000x1163.jpg","r64QGji4LZOPOvY/290vAA==":"sicgem-2000x1077.jpg","YEWpcWpSyD1bG4fHLb+oKQ==":"lgcg-2000x1500.jpg","4SjjSODvw56qUXEBEItWOA==":"pbr-2000x1120.jpg","YHTOBIhQ5LE5mNSAfBdU6A==":"slide4-2000x1311.jpg","njUHaT5HqciYxxLIxozxDA==":"lupa-transparencia-2000x1302.jpg","Dyyw6hga1ldphc5iLq+VZw==":"tecnologia-shutterstock-1-1400x932.jpg","IJJ0um/ICSkzfgzmvOhvgA==":"servicios-1400x787.jpg","pFEcd0Vm9nEgpO4xbNv0kQ==":"website-design-orland-park-il1-2000x1808.jpg","OgncnUMA7IFHwZLc84/w7w==":"servicios-2000x1125.jpg","XjGFbefrSnYXYh+BdepqKg==":"mbr-2000x1333.jpg","njw8d1NHOwAx+PqT651P/Q==":"mbr-1-2000x1333.jpg"}